ID,type,sku,name,status,"featured","catalog_visibility","short_description",description,"date_on_sale_from","date_on_sale_to","tax_status","Tax class","In stock?",Stock,"Backorders allowed?","Sold individually?","Weight (lbs)","Length (in)","Width (in)","Height (in)","Allow customer reviews?","Purchase note","sale_price","regular_price",Categories,Tags,"Shipping class",Images,"Download limit","Download expiry days",Parent,"Grouped products",Upsells,Cross-sells,"External URL","Button text",Position,"Attribute 1 name","Attribute 1 value(s)","Attribute 1 visible","Attribute 1 global","Attribute 2 name","Attribute 2 value(s)","Attribute 2 visible","Attribute 2 global","Meta: _wpcom_is_markdown","Download 1 name","Download 1 URL","Download 2 name","Download 2 URL"
,simple,woo-vneck-tee,V-Neck T-Shirt Override,publish,"true","visible","This is a variable product.","Pellentesque habitant morbi tristique senectus et netus et malesuada fames ac turpis egestas. ","2024-05-02","2024-05-04","shipping",,"1",,"0","0",".5","24","1","2","1",,"115","118",Clothing > Tshirts,,,"https://woocommercecore.mystagingwebsite.com/wp-content/uploads/2017/12/vneck-tee-2.jpg, https://woocommercecore.mystagingwebsite.com/wp-content/uploads/2017/12/vnech-tee-green-1.jpg, https://woocommercecore.mystagingwebsite.com/wp-content/uploads/2017/12/vnech-tee-blue-1.jpg",,,,,,,,,0,"Color","Blue, Green, Red","1","1","Size","Large, Medium, Small","1","1","1",,,,
,variable,woo-hoodie,Hoodie Override,draft,"true","visible","This is a variable product.","Pellentesque habitant morbi tristique senectus et netus et malesuada fames ac turpis egestas. ",,,"taxable",,"1",,"0","0","1.5","10","8","3","1",,,,Clothing > Hoodies,,,"https://woocommercecore.mystagingwebsite.com/wp-content/uploads/2017/12/hoodie-2.jpg, https://woocommercecore.mystagingwebsite.com/wp-content/uploads/2017/12/hoodie-blue-1.jpg, https://woocommercecore.mystagingwebsite.com/wp-content/uploads/2017/12/hoodie-green-1.jpg, https://woocommercecore.mystagingwebsite.com/wp-content/uploads/2017/12/hoodie-with-logo-2.jpg",,,,,,,,,0,"Color","Blue, Green, Red","1","1","Logo","Yes, No","1","0","1",,,,
,simple,woo-hoodie-with-logo,Hoodie with Logo Override,pending,"true","visible","This is a simple product.","Pellentesque habitant morbi tristique senectus et netus et malesuada fames ac turpis egestas. ",,,"taxable",,"1",,"0","0","2","10","6","3","1",,,"145",Clothing > Hoodies,,,https://woocommercecore.mystagingwebsite.com/wp-content/uploads/2017/12/hoodie-with-logo-2.jpg,,,,,,,,,0,"Color","Blue","1","1",,,,,"1",,,,
,simple,woo-tshirt,T-Shirt Override,publish,"true","visible","This is a simple product.","Pellentesque habitant morbi tristique senectus et netus et malesuada fames ac turpis egestas. ",,,"taxable",,"1",,"0","0",".8","8","6","1","1",,,"118",Clothing > Tshirts,,,https://woocommercecore.mystagingwebsite.com/wp-content/uploads/2017/12/tshirt-2.jpg,,,,,,,,,0,"Color","Gray","1","1",,,,,"1",,,,
,simple,woo-beanie,Beanie Override,publish,"true","hidden","This is a simple product.","Pellentesque habitant morbi tristique senectus et netus et malesuada fames ac turpis egestas. ",,,"taxable",,"1",,"0","0",".2","4","5",".5","1",,"118","120",Clothing > Accessories,,,https://woocommercecore.mystagingwebsite.com/wp-content/uploads/2017/12/beanie-2.jpg,,,,,,,,,0,"Color","Red","1","1",,,,,"1",,,,
,simple,woo-belt,Belt Override,publish,"true","search","This is a simple product.","Pellentesque habitant morbi tristique senectus et netus et malesuada fames ac turpis egestas. ",,,"taxable",,"1",,"0","0","1.2","12","2","1.5","1",,"155","165",Clothing > Accessories,,,https://woocommercecore.mystagingwebsite.com/wp-content/uploads/2017/12/belt-2.jpg,,,,,,,,,0,,,,,,,,,"1",,,,
,simple,woo-cap,Cap Override,publish,"true","visible","This is a simple product.","Pellentesque habitant morbi tristique senectus et netus et malesuada fames ac turpis egestas. ",,,"taxable",,"1",,"0","0","0.6","8","6.5","4","1",,"116","118",Clothing > Accessories,,,https://woocommercecore.mystagingwebsite.com/wp-content/uploads/2017/12/cap-2.jpg,,,,,,,,,0,"Color","Yellow","1","1",,,,,"1",,,,
,simple,woo-sunglasses,Sunglasses Override,publish,"true","visible","This is a simple product.","Pellentesque habitant morbi tristique senectus et netus et malesuada fames ac turpis egestas. ",,,"taxable",,"1",,"0","0",".2","4","1.4","1","1",,,"190",Clothing > Accessories,,,https://woocommercecore.mystagingwebsite.com/wp-content/uploads/2017/12/sunglasses-2.jpg,,,,,,,,,0,,,,,,,,,"1",,,,
,simple,woo-hoodie-with-pocket,Hoodie with Pocket Override,publish,"true","hidden","This is a simple product.","Pellentesque habitant morbi tristique senectus et netus et malesuada fames ac turpis egestas. ",,,"taxable",,"1",,"0","0","3","10","8","2","1",,"135","145",Clothing > Hoodies,,,https://woocommercecore.mystagingwebsite.com/wp-content/uploads/2017/12/hoodie-with-pocket-2.jpg,,,,,,,,,0,"Color","Gray","1","1",,,,,"1",,,,
,simple,woo-hoodie-with-zipper,Hoodie with Zipper Override,publish,"true","visible","This is a simple product.","Pellentesque habitant morbi tristique senectus et netus et malesuada fames ac turpis egestas. ",,,"taxable",,"1",,"0","0","2","8","6","2","1",,,"145",Clothing > Hoodies,,,https://woocommercecore.mystagingwebsite.com/wp-content/uploads/2017/12/hoodie-with-zipper-2.jpg,,,,,,,,,0,,,,,,,,,"1",,,,
,simple,woo-long-sleeve-tee,Long Sleeve Tee Override,publish,"true","search","This is a simple product.","Pellentesque habitant morbi tristique senectus et netus et malesuada fames ac turpis egestas. ",,,"taxable",,"1",,"0","0","1","7","5","1","1",,,"125",Clothing > Tshirts,,,https://woocommercecore.mystagingwebsite.com/wp-content/uploads/2017/12/long-sleeve-tee-2.jpg,,,,,,,,,0,"Color","Green","1","1",,,,,"1",,,,
,simple,woo-polo,Polo Override,publish,"true","hidden","This is a simple product.","Pellentesque habitant morbi tristique senectus et netus et malesuada fames ac turpis egestas. ",,,"taxable",,"1",,"0","0",".8","6","5","1","1",,,"120",Clothing > Tshirts,,,https://woocommercecore.mystagingwebsite.com/wp-content/uploads/2017/12/polo-2.jpg,,,,,,,,,0,"Color","Blue","1","1",,,,,"1",,,,
,simple,woo-album,Album Override,publish,"true","visible","This is a simple, virtual product.","Pellentesque habitant morbi tristique senectus et netus et malesuada fames ac turpis egestas. ",,,"taxable",,"1",,"0","0",,,,,"1",,,"115",Music,,,https://woocommercecore.mystagingwebsite.com/wp-content/uploads/2022/05/album-1.jpg,"1","1",,,,,,,0,,,,,,,,,"1","Single 1","https://demo.woothemes.com/woocommerce/wp-content/uploads/sites/56/2017/08/single.jpg","Single 2","https://demo.woothemes.com/woocommerce/wp-content/uploads/sites/56/2017/08/album.jpg"
,simple,woo-single,Single Override,publish,"true","visible","This is a simple, virtual product.","Pellentesque habitant morbi tristique senectus et netus et malesuada fames ac turpis egestas. ",,,"taxable",,"1",,"0","0",,,,,"1",,"12","13",Music,,,https://woocommercecore.mystagingwebsite.com/wp-content/uploads/2017/12/single-1.jpg,"1","1",,,,,,,0,,,,,,,,,"1","Single","https://demo.woothemes.com/woocommerce/wp-content/uploads/sites/56/2017/08/single.jpg",,
,variation,woo-vneck-tee-red,V-Neck T-Shirt - Red Override,publish,"true","search",,"Pellentesque habitant morbi tristique senectus et netus et malesuada fames ac turpis egestas. ",,,"taxable",,"1",,"0","0",,,,,"0",,,"120",,,,https://woocommercecore.mystagingwebsite.com/wp-content/uploads/2017/12/vneck-tee-2.jpg,,,woo-vneck-tee,,,,,,0,"Color","Red",,"1","Size",,,"1",,,,,
,variation,woo-vneck-tee-green,V-Neck T-Shirt - Green Override,publish,"true","visible",,"Pellentesque habitant morbi tristique senectus et netus et malesuada fames ac turpis egestas. ",,,"taxable",,"1",,"0","0",,,,,"0",,,"120",,,,https://woocommercecore.mystagingwebsite.com/wp-content/uploads/2017/12/vnech-tee-green-1.jpg,,,woo-vneck-tee,,,,,,0,"Color","Green",,"1","Size",,,"1",,,,,
,variation,woo-vneck-tee-blue,V-Neck T-Shirt - Blue Override,publish,"true","hidden",,"Pellentesque habitant morbi tristique senectus et netus et malesuada fames ac turpis egestas. ",,,"taxable",,"1",,"0","0",,,,,"0",,,"115",,,,https://woocommercecore.mystagingwebsite.com/wp-content/uploads/2017/12/vnech-tee-blue-1.jpg,,,woo-vneck-tee,,,,,,0,"Color","Blue",,"1","Size",,,"1",,,,,
,variation,woo-hoodie-red,"Hoodie - Red, No Override",publish,"true","visible",,"Pellentesque habitant morbi tristique senectus et netus et malesuada fames ac turpis egestas. ",,,"taxable",,"1",,"0","0",,,,,"0",,"142","145",,,,https://woocommercecore.mystagingwebsite.com/wp-content/uploads/2017/12/hoodie-2.jpg,,,woo-hoodie,,,,,,1,"Color","Red",,"1","Logo","No",,"0",,,,,
,variation,woo-hoodie-green,"Hoodie - Green, No Override",publish,"true","visible",,"Pellentesque habitant morbi tristique senectus et netus et malesuada fames ac turpis egestas. ",,,"taxable",,"1",,"0","0",,,,,"0",,,"145",,,,https://woocommercecore.mystagingwebsite.com/wp-content/uploads/2017/12/hoodie-green-1.jpg,,,woo-hoodie,,,,,,2,"Color","Green",,"1","Logo","No",,"0",,,,,
,variation,woo-hoodie-blue,"Hoodie - Blue, No Override",publish,"true","visible",,"Pellentesque habitant morbi tristique senectus et netus et malesuada fames ac turpis egestas. ",,,"taxable",,"1",,"0","0",,,,,"0",,,"145",,,,https://woocommercecore.mystagingwebsite.com/wp-content/uploads/2017/12/hoodie-blue-1.jpg,,,woo-hoodie,,,,,,3,"Color","Blue",,"1","Logo","No",,"0",,,,,
,simple,Woo-tshirt-logo,T-Shirt with Logo Override,publish,"true","visible","This is a simple product.","Pellentesque habitant morbi tristique senectus et netus et malesuada fames ac turpis egestas. ",,,"taxable",,"1",,"0","0",".5","10","12",".5","1",,,"118",Clothing > Tshirts,,,https://woocommercecore.mystagingwebsite.com/wp-content/uploads/2017/12/t-shirt-with-logo-1.jpg,,,,,,,,,0,"Color","Gray","1","1",,,,,"1",,,,
,simple,Woo-beanie-logo,Beanie with Logo Override,publish,"true","visible","This is a simple product.","Pellentesque habitant morbi tristique senectus et netus et malesuada fames ac turpis egestas. ",,,"taxable",,"1",,"0","0",".2","6","4","1","1",,"118","120",Clothing > Accessories,,,https://woocommercecore.mystagingwebsite.com/wp-content/uploads/2017/12/beanie-with-logo-1.jpg,,,,,,,,,0,"Color","Red","1","1",,,,,"1",,,,
,grouped,logo-collection,Logo Collection Override,publish,"true","visible","This is a grouped product.","Pellentesque habitant morbi tristique senectus et netus et malesuada fames ac turpis egestas. ",,,"taxable",,"1",,"0","0",,,,,"1",,,,Clothing,,,"https://woocommercecore.mystagingwebsite.com/wp-content/uploads/2017/12/logo-1.jpg, https://woocommercecore.mystagingwebsite.com/wp-content/uploads/2017/12/beanie-with-logo-1.jpg, https://woocommercecore.mystagingwebsite.com/wp-content/uploads/2017/12/t-shirt-with-logo-1.jpg, https://woocommercecore.mystagingwebsite.com/wp-content/uploads/2017/12/hoodie-with-logo-2.jpg",,,,"woo-hoodie-with-logo, woo-tshirt, woo-beanie",,,,,0,,,,,,,,,"1",,,,
,external,wp-pennant,WordPress Pennant Override,publish,"true","visible","This is an external product.","Pellentesque habitant morbi tristique senectus et netus et malesuada fames ac turpis egestas. ",,,"taxable",,"1",,"0","0",,,,,"1",,,"111.05",Decor,,,https://woocommercecore.mystagingwebsite.com/wp-content/uploads/2017/12/pennant-1.jpg,,,,,,,"https://mercantile.wordpress.org/product/wordpress-pennant/","Buy on the WordPress swag store!",0,,,,,,,,,"1",,,,
,variation,woo-hoodie-blue-logo,"Hoodie - Blue, Yes Override",publish,"true","visible",,"Pellentesque habitant morbi tristique senectus et netus et malesuada fames ac turpis egestas. ",,,"taxable",,"1",,"0","0",,,,,"0",,,"145",,,,https://woocommercecore.mystagingwebsite.com/wp-content/uploads/2017/12/hoodie-with-logo-2.jpg,,,woo-hoodie,,,,,,0,"Color","Blue",,"1","Logo","Yes",,"0",,,,,